City_ID,City,Lat,Lng,Max Temp,Humidity,Cloudiness,Wind Speed,Country,Date
0,sayyan,15.1718,44.3244,19.72,47,69,1.55,YE,1682258483
1,meulaboh,4.1363,96.1285,26.79,86,76,2.4,ID,1682258484
2,souillac,-20.5167,57.5167,27.21,78,75,3.6,MU,1682258486
3,ekhabi,53.5102,142.9671,-3.28,91,20,6.23,RU,1682258487
4,rikitea,-23.1203,-134.9692,26.23,87,100,6.21,PF,1682258488
5,punta arenas,-53.15,-70.9167,5.06,81,0,0.0,CL,1682258399
6,neiafu,-18.65,-173.9833,21.38,94,20,0.0,TO,1682258491
7,santa cruz,-17.8,-63.1667,22.65,60,98,3.16,BO,1682258410
8,pasighat,28.0667,95.3333,20.98,81,100,2.92,IN,1682258493
9,nantucket,41.2835,-70.0995,11.06,86,75,9.77,US,1682258211
10,arraial do cabo,-22.9661,-42.0278,25.92,61,20,5.14,BR,1682258476
11,constitucion,-35.3333,-72.4167,14.22,71,0,2.16,CL,1682258443
12,ilulissat,69.2167,-51.1,2.01,93,100,0.0,GL,1682258446
13,te anau,-45.4167,167.7167,5.88,93,98,0.74,NZ,1682258499
14,saint-ambroise,48.5501,-71.3324,12.3,57,100,5.14,CA,1682258501
15,kenai,60.5544,-151.2583,0.08,51,20,3.6,US,1682258502
16,sijunjung,-0.6876,100.9537,23.55,98,100,0.66,ID,1682258504
17,bluff,-46.6,168.3333,9.58,64,61,12.34,NZ,1682258505
18,hermanus,-34.4187,19.2345,22.11,85,99,4.41,ZA,1682258497
19,castro,-24.7911,-50.0119,18.18,63,42,3.4,BR,1682258508
20,along,28.1667,94.7667,18.03,95,100,0.76,IN,1682258509
21,saldanha,-33.0117,17.9442,16.03,93,100,5.97,ZA,1682258510
22,jamestown,42.097,-79.2353,5.57,81,100,5.14,US,1682258446
23,upata,8.0086,-62.3989,24.0,94,100,2.02,VE,1682258513
24,mar del plata,-38.0023,-57.5575,17.75,86,100,2.06,AR,1682258259
25,eyl,7.9803,49.8164,29.57,63,85,7.28,SO,1682258515
26,tandalti,13.0167,31.8667,41.04,10,100,4.81,SD,1682258517
27,norman wells,65.282,-126.8329,-9.98,85,100,2.57,CA,1682258518
28,albany,42.6001,-73.9662,10.68,93,100,4.05,US,1682258413
29,sorland,67.667,12.6934,0.92,48,97,4.07,NO,1682258520
30,khatanga,71.9667,102.5,-13.34,96,21,2.33,RU,1682258522
31,ushuaia,-54.8,-68.3,6.79,61,20,6.17,AR,1682258406
32,inirida,3.8653,-67.9239,26.1,90,100,1.46,CO,1682258479
33,atambua,-9.1061,124.8925,22.63,90,18,2.9,ID,1682258525
34,safaga,26.7292,33.9365,27.02,47,98,5.96,EG,1682258527
35,saint george,37.1041,-113.5841,12.36,44,0,1.34,US,1682258281
36,vaini,-21.2,-175.2,24.09,83,20,5.14,TO,1682258529
37,esperance,-33.8667,121.9,20.2,40,5,5.69,AU,1682258532
38,hilo,19.7297,-155.09,26.27,89,18,1.79,US,1682258533
39,abalak,58.1286,68.5944,7.54,94,100,5.01,RU,1682258534
40,tiksi,71.6872,128.8694,-11.48,95,100,1.81,RU,1682258399
41,baghdad,33.3406,44.4009,34.95,20,0,3.6,IQ,1682258394
42,mandera,3.9366,41.867,30.92,53,96,3.27,KE,1682258538
43,rush,53.5223,-6.0931,12.53,71,40,3.09,IE,1682258539
44,mataura,-46.1927,168.8643,5.54,93,71,4.23,NZ,1682258541
45,cidreira,-30.1811,-50.2056,22.88,65,82,4.42,BR,1682258523
46,la ronge,55.1001,-105.2842,-2.86,59,75,1.54,CA,1682258474
47,carnarvon,-24.8667,113.6333,23.05,73,100,8.12,AU,1682258451
48,atuona,-9.8,-139.0333,27.08,76,11,5.8,PF,1682258412
49,kargasok,59.0556,80.8572,4.48,86,100,4.44,RU,1682258547
50,busselton,-33.65,115.3333,16.59,83,100,3.46,AU,1682258457
51,cape town,-33.9258,18.4232,18.4,90,100,10.29,ZA,1682258251
52,olga,43.7444,135.2892,5.21,43,61,4.09,RU,1682258550
53,kahului,20.8947,-156.47,22.13,88,42,2.24,US,1682258551
54,touros,-5.1989,-35.4608,29.98,60,19,6.73,BR,1682258494
55,chudovo,59.1167,31.6833,17.48,39,62,3.96,RU,1682258554
56,hasaki,35.7333,140.8333,12.9,49,100,3.85,JP,1682258398
57,karratha,-20.7377,116.8463,27.28,74,17,4.35,AU,1682258409
58,sao filipe,14.8961,-24.4956,23.78,70,4,4.21,CV,1682258558
59,coshocton,40.272,-81.8596,6.27,69,12,1.79,US,1682258559
60,barrow,71.2906,-156.7887,-18.99,78,0,3.09,US,1682258561
61,linfen,36.0889,111.5189,5.49,90,100,2.69,CN,1682258430
62,jalu,29.0331,21.5482,33.91,12,5,5.74,LY,1682258563
63,kerema,-7.9631,145.7785,26.0,90,100,1.88,PG,1682258565
64,kumluca,36.3703,30.2869,19.31,63,14,3.37,TR,1682258566
65,bredasdorp,-34.5322,20.0403,20.34,73,100,2.96,ZA,1682258427
66,salalah,17.0151,54.0924,29.14,63,59,4.3,OM,1682258414
67,vanavara,60.34,102.2797,-9.25,94,47,1.61,RU,1682258571
68,longyearbyen,78.2186,15.6401,-7.09,68,0,3.09,SJ,1682258453
69,plettenberg bay,-34.0527,23.3716,22.85,59,91,1.74,ZA,1682258575
70,kruisfontein,-34.0033,24.7314,26.05,44,62,2.47,ZA,1682258478
71,balabac,7.9868,117.0645,28.77,78,21,5.03,PH,1682258520
72,san alejo,13.4314,-87.9631,29.3,60,99,0.92,SV,1682258580
73,kavieng,-2.5744,150.7967,27.22,82,100,5.21,PG,1682258581
74,mancio lima,-7.6142,-72.8958,24.04,100,75,2.06,BR,1682258583
75,los llanos de aridane,28.6585,-17.9182,18.86,86,75,2.57,ES,1682258586
76,yellowknife,62.456,-114.3525,-0.71,74,20,2.06,CA,1682258193
77,hobart,-42.8794,147.3294,8.92,83,0,4.12,AU,1682258588
78,saskylakh,71.9167,114.0833,-9.74,97,100,1.25,RU,1682258589
79,kaeo,-35.1,173.7833,15.74,91,77,2.73,NZ,1682258591
80,new norfolk,-42.7826,147.0587,8.73,61,17,1.43,AU,1682258470
81,nouadhibou,20.931,-17.0347,26.99,50,0,5.66,MR,1682258506
82,chokurdakh,70.6333,147.9167,-14.22,100,94,2.05,RU,1682258595
83,east london,-33.0153,27.9116,25.52,50,0,3.6,ZA,1682258478
84,srednekolymsk,67.45,153.6833,-4.78,97,100,4.0,RU,1682258600
85,mount gambier,-37.8333,140.7667,11.47,86,0,2.05,AU,1682258504
86,cherskiy,68.75,161.3,-6.78,75,71,3.55,RU,1682258602
87,avarua,-21.2078,-159.775,21.03,94,23,1.54,CK,1682258474
88,port alfred,-33.5906,26.891,23.99,60,4,0.45,ZA,1682258399
89,emirdag,39.0197,31.15,12.23,62,88,3.59,TR,1682258606
90,ayan,56.45,138.1667,-1.64,72,75,5.05,RU,1682258608
91,velsk,61.0701,42.0983,5.54,83,100,2.43,RU,1682258609
92,obo,5.3998,26.4869,31.36,40,84,4.02,CF,1682258611
93,vestmanna,62.1564,-7.1664,1.51,60,100,6.17,FO,1682258612
94,valle del guamuez,0.4525,-76.9192,21.68,90,100,0.52,CO,1682258613
95,coquimbo,-29.9533,-71.3436,15.85,82,75,1.54,CL,1682258522
96,barcelos,41.5388,-8.6151,18.25,87,84,4.74,PT,1682258441
97,khani,41.9563,42.9566,10.76,89,100,1.38,GE,1682258617
98,gimli,50.6336,-96.9907,-1.99,74,85,2.06,CA,1682258439
99,honningsvag,70.9821,25.9704,-0.14,64,100,7.2,NO,1682258619
100,cam ranh,11.9214,109.1591,27.98,83,20,1.03,VN,1682258620
101,mahebourg,-20.4081,57.7,27.16,78,75,3.6,MU,1682258622
102,torbay,47.6666,-52.7314,4.66,97,100,10.73,CA,1682258445
103,butaritari,3.0707,172.7902,28.21,80,47,6.77,KI,1682258624
104,tezu,27.9167,96.1667,20.9,84,100,1.29,IN,1682258625
105,walvis bay,-22.9575,14.5053,25.53,41,0,6.17,NA,1682258382
106,georgetown,5.4112,100.3354,26.96,94,40,2.06,MY,1682258167
107,porto santo,33.072,-16.3415,20.21,64,20,3.6,PT,1682258629
108,correntina,-13.3433,-44.6367,27.18,51,87,4.2,BR,1682258631
109,pacifica,37.6138,-122.4869,13.07,95,100,4.47,US,1682258365
110,hithadhoo,-0.6,73.0833,29.46,69,97,3.37,MV,1682258474
111,severnyy,50.677,36.5532,15.02,44,0,3.13,RU,1682258634
112,sladkovo,55.5284,70.3385,12.0,52,100,6.99,RU,1682258636
113,shestakovo,56.4915,103.96,-7.29,90,10,0.88,RU,1682258637
114,tuatapere,-46.1333,167.6833,7.79,77,95,8.1,NZ,1682258640
115,tokur,53.1333,132.9,-5.9,97,98,0.62,RU,1682258641
116,odlabari,26.8333,88.6167,19.48,92,100,2.02,IN,1682258642
117,kimbe,-5.5502,150.1429,24.41,93,100,1.23,PG,1682258643
118,prince rupert,54.3161,-130.3201,6.83,92,100,6.69,CA,1682258193
119,matara,5.9485,80.5353,27.17,86,58,2.56,LK,1682258646
120,kodiak,57.79,-152.4072,1.48,71,3,5.16,US,1682258399
121,burnie,-41.0667,145.9167,12.19,92,28,2.28,AU,1682258649
122,krasnoselkup,65.7,82.4667,0.41,98,100,4.35,RU,1682258650
123,saint-philippe,-21.3585,55.7679,26.77,81,98,3.58,RE,1682258493
124,kamaishi,39.2667,141.8833,4.93,52,100,4.37,JP,1682258504
125,manokwari,-0.8667,134.0833,26.3,81,51,0.75,ID,1682258654
126,qaanaaq,77.484,-69.3632,-9.89,86,94,1.72,GL,1682258655
127,sheridan,44.8333,-106.9173,5.17,82,100,1.54,US,1682258320
128,northam,51.0333,-4.2167,10.77,79,95,6.49,GB,1682258450
129,sestri levante,44.2732,9.3968,21.01,65,15,2.68,IT,1682258546
130,bathsheba,13.2167,-59.5167,28.34,78,40,3.6,BB,1682258524
131,zhezkazgan,47.8043,67.7144,20.99,24,0,7.0,KZ,1682258662
132,griffith,41.5284,-87.4237,5.03,70,100,1.54,US,1682258663
133,portland,45.5234,-122.6762,12.33,95,100,3.13,US,1682258222
134,nazira,26.9167,94.7333,20.65,94,100,1.72,IN,1682258665
135,progreso,21.2833,-89.6667,28.06,69,9,4.87,MX,1682258667
136,san patricio,28.017,-97.5169,24.92,89,100,6.0,US,1682258479
137,midland,31.9974,-102.0779,5.38,90,100,6.69,US,1682258670
138,itarema,-2.9248,-39.9167,28.98,64,100,5.03,BR,1682258671
139,severo-kurilsk,50.6789,156.125,0.05,92,100,8.47,RU,1682258673
140,pemangkat,1.1667,108.9667,27.67,78,100,2.95,ID,1682258674
141,tuktoyaktuk,69.4541,-133.0374,-27.0,76,40,2.57,CA,1682258676
142,khuzhir,53.1939,107.3397,-5.49,78,5,1.83,RU,1682258678
143,pevek,69.7008,170.3133,-9.94,75,1,1.98,RU,1682258679
144,tsaratanana,-16.7833,47.65,27.42,75,92,0.25,MG,1682258681
145,parit buntar,5.1267,100.4932,26.99,93,100,2.6,MY,1682258682
146,palmer,42.1584,-72.3287,12.36,84,100,2.57,US,1682258683
147,kiruna,67.8557,20.2251,-1.49,34,75,3.09,SE,1682258685
148,padang,-0.9492,100.3543,26.03,89,100,1.73,ID,1682258687
149,kampot,10.6167,104.1833,27.03,74,4,3.26,KH,1682258689
150,pisco,-13.7,-76.2167,22.23,83,19,4.12,PE,1682258483
151,ancud,-41.8697,-73.8203,10.09,77,56,1.71,CL,1682258455
152,chapleau,47.8405,-83.4034,0.05,93,100,3.6,CA,1682258693
153,varkaus,62.3153,27.873,9.61,79,100,2.84,FI,1682258694
154,knysna,-34.0363,23.0471,22.63,61,93,1.67,ZA,1682258695
155,enumclaw,47.2043,-121.9915,10.14,95,100,2.24,US,1682258696
156,saint anthony,45.0205,-93.218,2.25,72,0,4.12,US,1682258698
157,diamantina,-18.2494,-43.6003,20.74,66,79,4.06,BR,1682258699
158,seddon,-37.8068,144.8916,14.31,89,40,2.57,AU,1682258700
159,buala,-8.145,159.5921,27.3,83,28,2.42,SB,1682258703
160,necochea,-38.5473,-58.7368,15.51,66,0,2.75,AR,1682258423
161,alofi,-19.0595,-169.9187,20.94,94,27,2.06,NU,1682258705
162,tecoanapa,16.5167,-98.75,27.59,75,59,1.15,MX,1682258706
163,kropotkin,45.4375,40.5756,16.1,58,87,1.99,RU,1682258708
164,christchurch,-43.5333,172.6333,11.29,76,100,4.12,NZ,1682258299
165,tasiilaq,65.6145,-37.6368,-0.91,82,79,0.98,GL,1682258710
166,olafsvik,64.8945,-23.7142,3.02,51,22,2.25,IS,1682258712
167,tyrma,50.0833,132.1667,0.86,83,100,2.15,RU,1682258713
168,batagay-alyta,67.8006,130.4114,-15.43,97,86,2.86,RU,1682258715
169,dingle,10.9995,122.6711,26.89,81,50,3.06,PH,1682258717
170,pitimbu,-7.4706,-34.8086,31.33,64,89,6.03,BR,1682258718
171,corowa,-36.0333,146.3833,12.45,87,0,2.54,AU,1682258719
172,chuy,-33.6971,-53.4616,22.35,61,76,2.91,UY,1682258720
173,maua,-23.6678,-46.4614,25.0,70,0,2.39,BR,1682258722
174,dudinka,69.4058,86.1778,2.57,97,99,7.95,RU,1682258448
175,kondopoga,62.2057,34.2614,5.82,80,100,1.94,RU,1682258724
176,valdepenas,38.7621,-3.3848,23.43,24,1,4.46,ES,1682258725
177,xining,36.6167,101.7667,4.47,61,100,2.18,CN,1682258543
178,la romana,18.4273,-68.9728,26.2,83,40,0.0,DO,1682258465
179,dikson,73.5069,80.5464,-1.02,91,98,5.05,RU,1682258730
180,nanortalik,60.1432,-45.2371,1.81,79,59,3.28,GL,1682258732
181,chara,56.9064,118.2631,-6.33,70,100,1.44,RU,1682258734
182,moundou,8.5667,16.0833,39.13,29,20,2.06,TD,1682258735
183,thompson,55.7435,-97.8558,-7.91,67,20,2.06,CA,1682258445
184,buritizeiro,-17.3511,-44.9622,26.3,53,99,2.9,BR,1682258738
185,dawlatabad,36.4141,64.9053,27.9,12,86,4.45,AF,1682258739
186,port-gentil,-0.7193,8.7815,31.98,55,20,2.06,GA,1682258740
187,rondonopolis,-16.4708,-54.6356,23.8,85,92,1.78,BR,1682258742
188,vermillion,42.7794,-96.9292,1.56,59,43,2.21,US,1682258695
189,port elizabeth,-33.918,25.5701,27.28,47,0,2.57,ZA,1682258443
190,berezovka,53.7214,25.4993,18.17,37,11,3.76,BY,1682258745
191,harper,4.375,-7.7169,29.2,75,64,3.78,LR,1682258512
192,ibotirama,-12.1853,-43.2206,32.31,33,31,3.23,BR,1682258748
193,hornepayne,49.2138,-84.7705,-2.66,94,100,3.03,CA,1682258751
194,luderitz,-26.6481,15.1594,20.89,46,47,5.56,NA,1682258481
195,morant bay,17.8815,-76.4093,30.95,62,0,1.17,JM,1682258754
196,lompoc,34.6391,-120.4579,10.85,96,100,5.66,US,1682258432
197,maxixe,-23.8597,35.3472,29.91,66,0,4.12,MZ,1682258413
198,charters towers,-20.1,146.2667,20.27,77,50,4.26,AU,1682258757
199,kununurra,-15.7667,128.7333,18.99,82,0,0.0,AU,1682258759
200,half moon bay,37.4636,-122.4286,12.95,91,100,4.63,US,1682258760
201,yerofey pavlovich,53.9667,121.9667,-6.01,86,5,1.48,RU,1682258761
202,ixtapa,20.7,-105.2,22.9,83,40,0.0,MX,1682258762
203,astana,51.1801,71.446,13.97,33,20,4.0,KZ,1682258502
204,uhlove,44.8215,33.6045,13.9,66,59,3.65,UA,1682258765
205,matagami,49.7502,-77.6328,3.06,93,100,5.66,CA,1682258766
206,maceio,-9.6658,-35.7353,30.69,62,40,6.17,BR,1682258585
207,upernavik,72.7868,-56.1549,0.1,99,100,1.84,GL,1682258769
208,clyde river,70.4692,-68.5914,-8.87,86,40,7.72,CA,1682258770
209,sept-iles,50.2001,-66.3821,6.14,79,75,8.23,CA,1682258642
210,bengkulu,-3.8004,102.2655,26.55,87,93,1.86,ID,1682258773
211,pringsewu,-5.3582,104.9744,24.35,95,74,0.42,ID,1682258774
212,puerto ayora,-0.7393,-90.3518,26.42,92,99,3.58,EC,1682258440
213,broome,42.2506,-75.833,12.57,79,75,3.6,US,1682258776
214,muravlenko,63.7898,74.523,1.35,95,100,5.22,RU,1682258778
215,coihaique,-45.5752,-72.0662,10.34,76,100,0.0,CL,1682258779
216,high level,58.5169,-117.136,0.06,86,75,1.03,CA,1682258780
217,cabo san lucas,22.8909,-109.9124,25.28,28,0,5.14,MX,1682258149
218,kapaa,22.0752,-159.319,21.18,85,75,3.6,US,1682258784
219,egvekinot,66.3167,-179.1667,-14.61,77,6,4.91,RU,1682258785
220,marrakesh,31.6315,-8.0083,29.04,37,7,3.09,MA,1682258786
221,waingapu,-9.6567,120.2641,25.72,87,80,3.77,ID,1682258485
222,college,64.8569,-147.8028,-12.45,61,44,6.17,US,1682258414
223,manta,-0.95,-80.7333,22.88,94,100,2.06,EC,1682258777
224,bowmore,34.9421,-79.3031,18.83,57,0,0.0,US,1682258792
225,provideniya,64.3833,-173.3,-10.68,92,34,4.8,RU,1682258793
226,olinda,-8.0089,-34.8553,29.85,66,40,4.63,BR,1682258794
227,kon tum,14.35,108.0,21.52,95,100,1.82,VN,1682258795
228,ribeira brava,32.65,-17.0667,22.23,68,13,2.29,PT,1682258502
229,encruzilhada,-15.5314,-40.9094,20.33,93,99,2.77,BR,1682258738
230,hefei,31.8639,117.2808,10.01,93,100,5.0,CN,1682258799
231,novo aripuana,-5.1206,-60.3797,24.9,86,100,1.6,BR,1682258527
232,port blair,11.6667,92.75,29.28,71,10,2.01,IN,1682258457
233,omaruru,-21.4333,15.9333,30.79,29,92,5.16,NA,1682258805
234,bastia,42.6667,9.3333,21.89,79,75,2.57,FR,1682258793
235,waipawa,-41.4122,175.5153,12.33,81,79,2.51,NZ,1682258807
236,port lincoln,-34.7333,135.8667,18.47,72,0,4.55,AU,1682258521
237,nikolskoye,59.7035,30.7861,16.94,37,68,2.19,RU,1682258810
238,centralia,46.7162,-122.9543,9.63,96,100,2.57,US,1682258811
239,wakkanai,45.4094,141.6739,2.38,82,100,4.98,JP,1682258812
240,sabha,27.0377,14.4283,32.93,13,0,5.57,LY,1682258813
241,thinadhoo,0.5333,72.9333,29.33,73,100,4.61,MV,1682258611
242,le port,-20.9373,55.2919,27.98,100,90,3.54,RE,1682258410
243,ullal,12.8,74.85,28.46,72,5,7.35,IN,1682258817
244,asau,46.4333,26.4,17.51,63,99,1.35,RO,1682258819
245,klaksvik,62.2266,-6.589,2.51,63,100,12.38,FO,1682258820
246,ishigaki,24.3448,124.1572,23.93,79,40,1.83,JP,1682258821
247,talnakh,69.4865,88.3972,2.34,93,98,7.09,RU,1682258445
248,tongzi,28.7829,105.0877,12.46,84,100,1.82,CN,1682258824
249,kokopo,-4.352,152.2633,24.75,85,100,1.75,PG,1682258825
250,gushikawa,26.3544,127.8686,21.57,77,3,4.34,JP,1682258826
251,mecca,21.4267,39.8261,35.98,29,73,7.7,SA,1682258828
252,pingzhuang,42.0372,119.2889,7.61,16,98,2.63,CN,1682258829
253,mareeba,-17.0,145.4333,21.91,93,100,2.67,AU,1682258831
254,santa cruz do sul,-29.7175,-52.4258,24.55,44,100,1.84,BR,1682258577
255,shenjiamen,29.9576,122.298,14.89,83,98,5.76,CN,1682258451
256,maple creek,49.9168,-109.4848,1.1,66,52,5.94,CA,1682258835
257,zemio,5.0314,25.1361,31.05,44,100,3.15,CF,1682258490
258,suamico,44.6319,-88.0393,2.94,69,100,3.09,US,1682258837
259,ribeira grande,38.5167,-28.7,18.22,94,75,7.15,PT,1682258427
260,ocampo,21.65,-101.5,18.01,27,38,3.46,MX,1682258840
261,whitehorse,60.7161,-135.0538,2.43,93,100,5.14,CA,1682258147
262,duvan,55.695,57.9024,11.69,53,46,3.38,RU,1682258842
263,burgos,42.3394,-3.7079,17.23,51,75,10.29,ES,1682258843
264,broken hill,-31.95,141.4333,17.41,49,0,5.81,AU,1682258424
265,mastic beach,40.7668,-72.8521,14.5,97,100,5.81,US,1682258846
266,tura,25.5198,90.2201,20.94,64,100,4.86,IN,1682258449
267,leningradskiy,69.3833,178.4167,-17.64,94,58,7.35,RU,1682258850
268,port hardy,50.6996,-127.4199,7.53,89,100,2.15,CA,1682258851
269,sitka,57.0531,-135.33,6.94,81,100,3.6,US,1682258852
270,nhulunbuy,-12.2333,136.7667,28.34,78,75,6.17,AU,1682258854
271,kavaratti,10.5669,72.642,28.97,71,3,6.75,IN,1682258513
272,partenit,44.578,34.3446,11.44,75,84,0.8,UA,1682258856
273,maniitsoq,65.4167,-52.9,1.95,85,100,1.98,GL,1682258858
274,cassilandia,-19.1133,-51.7342,25.16,70,1,4.36,BR,1682258839
275,oranjemund,-28.55,16.4333,19.37,46,73,4.34,NA,1682258476
276,tazovskiy,67.4667,78.7,0.68,98,100,6.38,RU,1682258861
277,parabel,58.6978,81.4825,4.08,84,97,4.29,RU,1682258863
278,katsuura,35.1333,140.3,13.27,74,100,3.48,JP,1682258491
279,chibombo,-14.6569,28.0706,29.08,37,62,3.96,ZM,1682258865
280,deputatskiy,69.3,139.9,-12.42,97,100,1.54,RU,1682258868
281,rovaniemi,66.5,25.7167,2.67,32,0,3.6,FI,1682258810
282,novocherkassk,47.4181,40.0939,13.01,82,40,2.0,RU,1682258871
283,praia da vitoria,38.7333,-27.0667,21.14,83,75,9.05,PT,1682258510
284,la malbaie,47.6575,-70.1559,8.7,74,100,1.62,CA,1682258873
285,vanimo,-2.6741,141.3028,25.88,86,94,1.53,PG,1682258874
286,saiha,22.4833,92.9667,20.5,91,3,1.26,IN,1682258875
287,enkhuizen,52.7,5.2833,17.22,77,100,7.08,NL,1682258851
288,victoria,22.2855,114.1577,24.41,89,53,5.36,HK,1682258829
289,moose factory,51.2585,-80.6094,-2.01,93,100,5.66,CA,1682258879
290,port hedland,-20.3167,118.5667,25.03,78,40,0.0,AU,1682258880
291,shingu,33.7333,135.9833,13.46,60,100,2.4,JP,1682258883
292,xuanhua,40.6103,115.0447,9.51,45,100,3.19,CN,1682258884
293,isangel,-19.55,169.2667,25.13,78,45,2.86,VU,1682258459
294,mount isa,-20.7333,139.5,22.87,46,75,4.12,AU,1682258481
295,ola,59.5833,151.2833,0.32,59,95,9.45,RU,1682258519
296,palu,-0.8917,119.8707,25.44,95,100,0.86,ID,1682258890
297,nkan,0.3833,9.7833,34.15,46,68,1.27,GA,1682258891
298,port hawkesbury,45.6169,-61.3485,11.61,74,6,2.24,CA,1682258893
299,abnub,27.2696,31.1511,32.68,13,100,4.2,EG,1682258894
300,eureka,40.8021,-124.1637,13.75,97,100,2.68,US,1682258895
301,seinajoki,62.7945,22.8282,4.83,89,100,3.13,FI,1682258897
302,veraval,20.9,70.3667,27.46,74,1,6.67,IN,1682258898
303,alappuzha,9.49,76.3264,30.56,76,49,5.2,IN,1682258900
304,lorengau,-2.0226,147.2712,26.95,84,100,2.29,PG,1682258901
305,antofagasta,-23.65,-70.4,17.6,69,2,3.28,CL,1682258250
306,narsaq,60.9167,-46.05,5.12,64,45,0.85,GL,1682258903
307,cap-aux-meules,47.3821,-61.8597,5.03,81,20,6.17,CA,1682258676
308,ozernovskiy,51.5,156.5167,-0.38,99,100,7.8,RU,1682258906
309,havelock,34.8791,-76.9013,18.97,74,0,2.06,US,1682258608
310,bathurst,-33.4166,149.5806,14.35,91,98,0.45,AU,1682258908
311,bambous virieux,-20.3428,57.7575,27.14,78,75,3.6,MU,1682258910
312,xam nua,20.4197,104.0439,20.48,75,87,1.25,LA,1682258498
313,limbang,4.75,115.0,30.06,94,96,0.96,MY,1682258912
314,miri,4.4148,114.0089,27.12,84,53,2.32,MY,1682258914
315,storforshei,66.4043,14.5233,2.88,37,20,3.6,NO,1682258915
316,palasa,18.7667,84.4167,25.79,75,83,0.7,IN,1682258916
317,anloga,5.7947,0.8973,33.05,55,94,5.65,GH,1682258442
318,normandin,48.8333,-72.5321,5.55,90,100,4.13,CA,1682258920
319,marsh harbour,26.5412,-77.0636,23.4,71,0,0.97,BS,1682258724
320,barahona,18.2085,-71.1008,26.9,74,40,3.09,DO,1682258922
321,kautokeino,69.0125,23.0412,-3.29,67,4,5.92,NO,1682258923
322,koumac,-20.5667,164.2833,25.06,84,100,3.95,NC,1682258924
323,shimoda,34.6667,138.95,12.28,79,100,2.34,JP,1682258857
324,mantua,45.1667,10.7833,25.05,55,54,2.24,IT,1682258927
325,ingersoll,43.0334,-80.883,5.75,82,84,5.54,CA,1682258928
326,qandala,11.472,49.8728,28.68,67,10,2.08,SO,1682258931
327,ntungamo,-0.8833,29.65,20.32,96,100,0.64,UG,1682258932
328,vao,-22.6667,167.4833,25.38,76,75,1.51,NC,1682258933
329,ostrovnoy,68.0531,39.5131,-2.16,73,22,9.08,RU,1682258934
330,najran,17.4924,44.1277,24.68,51,60,2.87,SA,1682258935
331,umea,63.8284,20.2597,1.06,55,100,5.66,SE,1682258856
332,kaitangata,-46.2817,169.8464,9.4,61,28,6.97,NZ,1682258938
333,sola,-13.8833,167.55,27.58,76,25,6.66,VU,1682258507
334,fort nelson,58.8053,-122.7002,1.08,79,99,3.13,CA,1682258940
335,geraldton,-28.7667,114.6,21.23,83,40,3.6,AU,1682258942
336,bull savanna,17.8868,-77.5902,25.81,63,1,1.12,JM,1682258943
337,zaysan,47.4667,84.8667,8.84,35,11,2.4,KZ,1682258944
338,fortuna,40.5982,-124.1573,11.86,96,100,0.45,US,1682258502
339,otjiwarongo,-20.4637,16.6477,30.76,27,55,4.26,NA,1682258947
340,cayenne,4.9333,-52.3333,28.02,78,100,2.57,GF,1682258948
341,chilca,-12.5211,-76.7372,23.37,79,19,2.91,PE,1682258949
342,lata,40.1629,-8.3327,20.6,50,61,4.55,PT,1682258950
343,bubaque,11.2833,-15.8333,28.4,56,7,3.7,GW,1682258483
344,cooma,-36.2333,149.1333,10.96,86,98,1.45,AU,1682258953
345,okhotsk,59.3833,143.3,-2.86,70,93,6.86,RU,1682258954
346,filadelfia,39.9523,-75.1638,16.46,74,40,5.66,US,1682258215
347,bilma,18.6853,12.9164,38.36,4,3,2.87,NE,1682258957
348,havoysund,70.9963,24.6622,0.13,73,100,7.66,NO,1682258960
349,zlobin,45.2924,14.6541,15.61,45,0,2.06,HR,1682258961
350,aktash,50.3,87.7333,-8.67,81,21,1.48,RU,1682258962
351,bethel,41.3712,-73.414,13.06,89,100,1.79,US,1682258400
352,tual,-5.6667,132.75,28.4,79,100,5.57,ID,1682258399
353,brae,60.3964,-1.353,6.17,66,100,14.1,GB,1682258966
354,devils lake,48.1128,-98.8651,-0.94,88,0,4.12,US,1682258967
355,chipiona,36.7366,-6.437,28.1,46,0,4.12,ES,1682258968
356,aykhal,66.0,111.5,-8.38,93,100,0.24,RU,1682258454
357,sabang,5.8933,95.3214,29.4,67,100,0.85,ID,1682258971
358,thunder bay,48.4001,-89.3168,-4.01,74,40,2.06,CA,1682258739
359,koster,-25.863,26.8976,26.34,12,0,3.69,ZA,1682258974
360,sisimiut,66.9395,-53.6735,0.89,100,100,3.16,GL,1682258456
361,bud,39.447,-86.1758,5.52,68,87,4.23,US,1682258668
362,vostok,46.4856,135.8833,-1.08,97,100,1.64,RU,1682258977
363,nome,64.5011,-165.4064,-6.96,63,0,5.66,US,1682258906
364,yenagoa,4.9247,6.2642,30.12,71,100,2.96,NG,1682258980
365,santa isabel do rio negro,-0.4139,-65.0192,25.15,89,100,1.13,BR,1682258981
366,sao joao da barra,-21.6403,-41.0511,25.05,50,3,3.27,BR,1682258443
367,san felipe,10.3399,-68.7425,27.23,76,100,1.48,VE,1682258983
368,codrington,-38.2667,141.9667,11.85,87,0,2.49,AU,1682258459
369,collingwood,44.4834,-80.2164,6.45,82,59,1.54,CA,1682258746
370,batsfjord,70.6345,29.7185,-0.04,80,75,11.83,NO,1682258987
371,garowe,8.4054,48.4845,34.07,25,99,2.14,SO,1682258989
372,dutlwe,-23.9833,23.9,30.7,18,8,2.97,BW,1682258990
373,aklavik,68.2191,-135.0107,-20.44,94,100,5.79,CA,1682258991
374,mago,53.2514,140.1822,-3.05,94,64,1.72,RU,1682258992
375,catuday,16.2923,119.8062,26.63,81,79,2.1,PH,1682258994
376,mersing,2.4312,103.8405,27.02,82,68,2.0,MY,1682258995
377,yumen,40.2833,97.2,11.48,39,100,4.68,CN,1682258996
378,umm lajj,25.0213,37.2685,29.91,57,33,8.89,SA,1682258997
379,naze,28.3667,129.4833,19.51,82,25,6.95,JP,1682258499
380,mandalgovi,45.7625,106.2708,7.2,18,95,5.18,MN,1682259000
381,margate,51.3813,1.3862,11.04,87,100,1.34,GB,1682258465
382,great yarmouth,52.6083,1.7305,11.68,92,100,4.24,GB,1682259003
383,kindu,-2.95,25.95,21.25,99,100,1.66,CD,1682259004
384,velizh,55.6056,31.1967,16.27,44,56,2.97,RU,1682259005
385,ahuimanu,21.4447,-157.8378,22.89,86,20,2.06,US,1682259007
386,puerto escondido,15.85,-97.0667,27.46,83,0,0.0,MX,1682258842
387,kalmunai,7.4167,81.8167,28.78,76,80,3.46,LK,1682258462
388,komsomolskiy,40.4272,71.7189,24.4,20,23,2.06,UZ,1682259012
389,kasongo-lunda,-6.4667,16.8167,23.17,94,100,2.08,CD,1682259013
390,barro,-6.7167,-38.8667,32.31,31,42,3.2,BR,1682259015
391,ubinskoye,55.3068,79.6802,12.25,39,100,6.29,RU,1682258988
392,puerto del rosario,28.5004,-13.8627,22.86,60,20,6.17,ES,1682259018
393,alim,9.5649,122.4876,28.4,75,21,1.11,PH,1682259021
394,dwarka,22.2394,68.9678,27.49,77,2,6.46,IN,1682258476
395,semnan,35.5729,53.3971,26.45,17,57,2.39,IR,1682259023
396,pampa,35.5362,-100.9599,6.53,60,35,2.06,US,1682258872
397,champerico,14.3,-91.9167,28.3,68,54,1.98,GT,1682259026
398,seoul,37.5683,126.9778,15.78,34,0,2.06,KR,1682258565
399,nuuk,64.1835,-51.7216,7.34,53,75,3.6,GL,1682258772
400,gao,16.6362,1.637,39.2,9,79,6.29,ML,1682259031
401,beloha,-25.1667,45.05,24.91,66,63,4.59,MG,1682259032
402,kalevala,65.2,31.1667,0.85,56,100,0.74,RU,1682259033
403,padre bernardo,-15.35,-48.5,27.17,49,33,5.33,BR,1682258975
404,oktyabrskoye,43.0645,44.7417,10.08,87,100,4.0,RU,1682259037
405,khandbari,27.3747,87.2039,17.67,70,22,1.48,NP,1682259038
406,washington,47.5001,-120.5015,8.22,86,100,0.63,US,1682258982
407,lazaro cardenas,17.9583,-102.2,25.67,72,100,1.6,MX,1682259041
408,fernie,49.5,-115.0687,2.33,96,100,1.44,CA,1682259042
409,matamoros,25.5333,-103.25,23.95,32,0,0.0,MX,1682259044
410,tateyama,34.9833,139.8667,14.08,76,100,4.25,JP,1682259046
411,mala bilozerka,47.2474,34.9346,15.33,50,94,2.1,UA,1682259047
412,caravelas,-17.7125,-39.2481,26.89,70,40,5.62,BR,1682259048
413,farafangana,-22.8167,47.8333,25.28,85,1,4.29,MG,1682259049
414,luanda,-8.8368,13.2343,30.0,74,40,5.66,AO,1682258402
415,rocha,-34.4833,-54.3333,21.82,61,60,2.81,UY,1682259024
416,oistins,13.0667,-59.5333,28.05,78,40,3.6,BB,1682258467
417,guerrero negro,27.9769,-114.0611,14.59,92,3,3.57,MX,1682259058
418,bilibino,68.0546,166.4372,-12.83,72,100,2.88,RU,1682259059
419,rawson,-43.3002,-65.1023,19.29,41,4,6.73,AR,1682258878
420,bonthe,7.5264,-12.505,30.63,60,28,5.25,SL,1682259062
421,caucaia,-3.7361,-38.6531,30.97,55,75,7.72,BR,1682259063
422,port shepstone,-30.7414,30.455,23.19,60,2,2.73,ZA,1682258511
423,hailun,47.45,126.9333,2.64,28,1,3.17,CN,1682259065
424,samarai,-10.6167,150.6667,28.1,80,73,4.4,PG,1682259068
425,lebu,-37.6167,-73.65,13.44,78,16,3.8,CL,1682259069
426,hambantota,6.1241,81.1185,28.34,79,100,3.1,LK,1682259070
427,orgtrud,56.1832,40.6149,17.23,37,17,2.83,RU,1682259072
428,boyarka,50.3191,30.2973,17.82,39,90,1.3,UA,1682259073
429,berlevag,70.8578,29.0864,0.0,59,100,13.89,NO,1682259074
430,preobrazheniye,42.9019,133.9064,3.47,52,0,3.64,RU,1682259075
431,iquitos,-3.7481,-73.2472,28.02,89,75,2.57,PE,1682259077
432,pangai,-19.8,-174.35,25.26,77,76,7.7,TO,1682259078
433,madimba,-10.4,40.3333,27.69,81,88,4.08,TZ,1682259079
434,maarianhamina,60.0973,19.9348,9.92,62,0,6.69,AX,1682259081
435,nenjiang,49.1833,125.2167,1.66,36,0,2.57,CN,1682259082
436,tehachapi,35.1322,-118.449,13.0,80,3,3.58,US,1682258671
437,frauenfeld,47.5582,8.8985,20.59,56,93,0.62,CH,1682259085
438,saint-pierre,-21.3393,55.4781,26.82,74,100,3.6,RE,1682259086
439,elko,41.0002,-115.5012,0.91,77,100,0.89,US,1682259088
440,coutances,49.05,-1.4333,12.01,76,30,6.37,FR,1682259089
441,mnogovershinnyy,53.9353,139.9242,-5.52,94,78,2.6,RU,1682259092
442,escanaba,45.7453,-87.0646,2.2,69,100,4.63,US,1682259093
443,nizhniy kuranakh,58.8353,125.4869,-6.2,96,100,0.99,RU,1682259095
444,abu dhabi,24.4667,54.3667,29.06,45,0,6.69,AE,1682258453
445,vilkaviskis,54.6517,23.0322,19.05,51,3,5.2,LT,1682259099
446,altamont,42.2068,-121.7372,7.1,94,100,0.0,US,1682259101
447,khanpur,28.6453,70.6567,32.87,11,0,3.19,PK,1682258529
448,maldonado,-34.6667,-54.9167,18.46,57,84,3.17,UY,1682259026
449,escarcega,18.6089,-90.7454,28.22,58,21,3.11,MX,1682259105
450,krasnodon,48.2923,39.7373,11.58,68,90,1.83,UA,1682259106
451,jhabua,22.7667,74.6,32.78,11,15,3.63,IN,1682259107
452,muros,42.7762,-9.0603,18.41,85,43,5.43,ES,1682259108
453,liverpool,53.4106,-2.9779,13.21,83,75,5.66,GB,1682258893
454,santa fe,-31.6333,-60.7,18.9,75,98,1.79,AR,1682259002
455,san jeronimo,-11.9472,-75.2829,12.03,68,48,1.46,PE,1682259112
456,iqaluit,63.7506,-68.5145,-0.15,93,100,7.6,CA,1682259113
457,liberal,37.0431,-100.921,6.08,61,0,1.54,US,1682259114
458,fairbanks,64.8378,-147.7164,-12.44,60,40,10.29,US,1682259115
459,haverhill,42.7762,-71.0773,8.96,92,100,4.63,US,1682259054
460,clonakilty,51.6231,-8.8706,11.56,69,98,1.28,IE,1682259118
461,ponta do sol,32.6667,-17.1,22.23,66,18,1.91,PT,1682259119
462,tautira,-17.7333,-149.15,27.53,79,100,7.69,PF,1682259120
463,kavali,14.9167,79.9833,28.42,73,24,6.49,IN,1682259122
464,tagusao,9.1924,117.8141,27.46,83,3,2.56,PH,1682259123
465,daru,-9.0763,143.2092,26.97,89,96,6.21,PG,1682259124
466,san cristobal,7.7669,-72.225,24.1,74,96,1.1,VE,1682259126
467,mayo,38.8876,-76.5119,17.19,71,0,4.63,US,1682259129
468,opuwo,-18.0607,13.84,32.43,28,57,4.95,NA,1682259131
469,butembo,0.15,29.2833,15.98,99,100,0.95,CD,1682259132
470,flinders,-34.5833,150.8552,17.88,92,83,0.89,AU,1682259133
471,evanston,42.0411,-87.6901,4.65,71,75,3.6,US,1682259135
472,vila velha,-20.3297,-40.2925,25.97,74,75,5.66,BR,1682259137
473,hirara,24.8,125.2833,23.34,76,19,4.7,JP,1682258844
474,turukhansk,65.8167,87.9833,0.98,98,100,6.06,RU,1682259139
475,mtambile,-5.3833,39.7,27.03,81,100,3.63,TZ,1682259140
476,hongjiang,27.11,109.9956,8.9,95,100,2.07,CN,1682259142
477,kontagora,10.3999,5.4695,37.25,29,99,3.12,NG,1682259143
478,buin,-33.7333,-70.75,19.13,51,2,1.57,CL,1682259144
479,banda aceh,5.5577,95.3222,27.66,79,77,1.25,ID,1682259145
480,nizwa,22.9333,57.5333,32.49,24,91,2.74,OM,1682259147
481,mahibadhoo,3.7833,72.9667,29.47,68,98,3.37,MV,1682259148
482,sterling,39.0062,-77.4286,15.96,63,20,5.14,US,1682258862
483,jumla,29.2747,82.1838,8.53,70,70,2.02,NP,1682259150
484,cambridge,43.3601,-80.3127,8.34,75,40,5.66,CA,1682258894
485,sakakah,29.9697,40.2064,32.89,13,94,4.38,SA,1682259153
486,san ramon,37.7799,-121.978,12.63,93,100,4.12,US,1682258915
487,ronneby,56.21,15.276,8.28,100,75,3.6,SE,1682259155
488,hofn,64.2539,-15.2082,3.01,52,20,3.6,IS,1682259157
489,zeya,53.75,127.2667,-2.97,83,69,2.15,RU,1682259158
490,raudeberg,61.9875,5.1352,5.37,73,100,15.84,NO,1682259159
491,channel-port aux basques,47.5702,-59.1367,6.86,72,0,3.29,CA,1682259160
492,santa marta,11.2408,-74.199,26.86,75,98,2.72,CO,1682259161
493,hami,42.8,93.45,15.57,26,99,4.95,CN,1682259163
494,rancho santa margarita,33.6409,-117.6031,14.32,92,34,0.45,US,1682259164
495,husavik,66.0449,-17.3389,1.11,48,0,2.77,IS,1682259165
496,panjab,34.388,67.0233,12.51,20,14,2.45,AF,1682259166
497,atlantic city,39.3643,-74.4229,16.77,79,75,5.36,US,1682259117
498,atchison,39.563,-95.1216,5.73,81,3,2.67,US,1682259169
499,mali,12.079,-12.2982,32.73,9,4,2.6,GN,1682259170
500,westport,41.1415,-73.3579,14.04,93,100,4.63,US,1682259170
501,ivanjica,43.5803,20.2311,22.21,41,98,2.21,RS,1682259172
502,atar,20.5169,-13.0499,34.38,11,0,2.6,MR,1682259174
503,namatanai,-3.6667,152.4333,26.23,83,100,2.41,PG,1682259175
504,minab,27.1467,57.0801,29.33,35,100,4.7,IR,1682259176
505,quatre cocos,-20.2078,57.7625,27.06,80,100,2.68,MU,1682259178
506,labuan,5.2767,115.2417,29.26,76,11,3.89,MY,1682259179
507,calvinia,-31.4707,19.776,22.05,51,100,5.26,ZA,1682259180
508,moba,33.2288,105.0179,5.77,76,99,1.68,CN,1682259181
509,barcelona,41.3888,2.159,28.34,68,20,9.77,ES,1682258401
510,airai,-8.9266,125.4092,15.1,96,42,1.86,TL,1682259184
511,kanigoro,-8.13,112.219,24.04,94,100,1.48,ID,1682259185
512,santa barbara,34.7333,-120.0343,14.35,100,100,0.0,US,1682259037
513,merauke,-8.4667,140.3333,26.24,90,87,5.36,ID,1682259188
514,talavera de la reina,39.9635,-4.8308,24.18,29,43,5.23,ES,1682259189
515,bombay,19.0144,72.8479,27.99,78,20,4.12,IN,1682259190
516,lai,9.3952,16.2989,40.39,18,79,1.91,TD,1682258679
517,puerto carreno,6.189,-67.4859,27.67,72,100,2.65,CO,1682259193
518,gurupi,-11.7292,-49.0686,27.96,61,59,4.74,BR,1682259194
519,viedma,-40.8135,-62.9967,16.9,44,0,5.77,AR,1682259195
520,tashtagol,52.7657,87.8894,0.91,90,95,1.0,RU,1682259198
521,moerai,-22.4333,-151.3333,23.53,65,85,6.65,PF,1682259199
522,ambilobe,-13.2,49.05,27.19,84,37,1.56,MG,1682259200
523,joensuu,62.6012,29.7632,4.27,70,100,2.57,FI,1682259203
524,porto novo,6.4965,2.6036,31.93,59,90,5.36,BJ,1682259207
525,roma,43.2128,-75.4557,9.9,92,100,2.57,US,1682259084
526,carutapera,-1.195,-46.02,30.1,65,100,2.19,BR,1682259209
527,alice springs,-23.7,133.8833,13.75,67,1,0.0,AU,1682259212
528,carauari,-4.8828,-66.8958,26.22,85,96,1.68,BR,1682259213
529,noumea,-22.2763,166.4572,26.67,99,96,1.1,NC,1682258900
530,santa helena de goias,-17.8136,-50.5969,24.58,71,7,4.31,BR,1682258920
531,faanui,-16.4833,-151.75,27.92,79,100,7.8,PF,1682259217
532,dedovichi,57.5517,29.9502,18.29,45,76,3.81,RU,1682259218
533,montijo,38.7067,-8.9739,24.21,62,40,2.06,PT,1682258978
534,avera,33.194,-82.5271,19.19,45,28,0.93,US,1682259221
535,grindavik,63.8424,-22.4338,6.97,70,75,4.63,IS,1682259223
536,turka,49.1541,23.0297,14.85,51,91,1.7,UA,1682259224
537,kyra,49.5776,111.9753,3.26,33,100,2.23,RU,1682259227
538,yar-sale,66.8333,70.8333,0.77,99,100,8.55,RU,1682259228
539,belaya gora,68.5333,146.4167,-7.56,94,100,2.3,RU,1682259229
540,tuy hoa,13.0833,109.3,24.69,92,2,1.85,VN,1682259230
541,russell,32.3502,-85.1999,18.87,63,0,0.0,US,1682259232
542,konyshevka,51.8418,35.2941,15.5,39,94,1.03,RU,1682259234
543,tessalit,20.1986,1.0114,35.27,8,7,3.55,ML,1682259235
544,miraflores,19.2167,-98.8083,18.9,60,98,1.46,MX,1682259237
545,sioux lookout,50.1001,-91.917,-3.89,84,100,2.22,CA,1682259238
546,areosa,41.7178,-8.8571,16.74,89,52,5.1,PT,1682259239
547,graaff-reinet,-32.2522,24.5308,27.18,36,0,1.77,ZA,1682259241
548,mon,26.75,95.1,16.76,98,100,1.14,IN,1682259242
549,choix,26.7092,-108.3219,22.3,17,1,1.6,MX,1682259243
550,podgornoye,51.735,39.1496,17.12,39,0,2.0,RU,1682259245
551,newport,51.5877,-2.9984,13.16,75,100,3.39,GB,1682259247
552,batemans bay,-35.7167,150.1833,17.28,82,95,2.6,AU,1682259031
